<?xml version="1.0" encoding="UTF-8" standalone="yes"?>
<processModelFolderHaul>
    <processModelFolder>
        <name>Appian Plugin Example</name>
        <uuid>_g-0000d540-161e-8000-ac7b-680000680000_12</uuid>
        <description></description>
    </processModelFolder>
    <roleMap>
        <role name="EDITOR">
            <users/>
            <groups/>
        </role>
        <role name="MANAGER">
            <users/>
            <groups/>
        </role>
        <role name="ADMIN_OWNER">
            <users>
                <userUuid>Administrator</userUuid>
            </users>
            <groups/>
        </role>
        <role name="EXPLICIT_NONMEMBER">
            <users/>
            <groups/>
        </role>
        <role name="VIEWER">
            <users/>
            <groups/>
        </role>
        <role name="INITIATOR">
            <users/>
            <groups/>
        </role>
    </roleMap>
</processModelFolderHaul>
