<?xml version="1.0" encoding="UTF-8" standalone="yes"?>
<processModelHaul>
    <folderUuid>_g-0000d540-161e-8000-ac7b-680000680000_12</folderUuid>
    <roleMap>
        <role name="EDITOR">
            <users/>
            <groups/>
        </role>
        <role name="MANAGER">
            <users/>
            <groups/>
        </role>
        <role name="ADMIN_OWNER">
            <users>
                <userUuid>Administrator</userUuid>
            </users>
            <groups/>
        </role>
        <role name="EXPLICIT_NONMEMBER">
            <users/>
            <groups/>
        </role>
        <role name="VIEWER">
            <users/>
            <groups/>
        </role>
        <role name="INITIATOR">
            <users/>
            <groups/>
        </role>
    </roleMap>
    <process_model_port schemaVersion="006.000.002">
        <pm>
<meta>
                <uuid>0007d540-1b02-8000-ac7b-680000680000</uuid>
                <name>
                    <string-map>
                        <pair>
                            <locale country="US" lang="en" variant=""/>
                            <value>Appian MadLib</value>
                        </pair>
                    </string-map>
                </name>
                <desc>
                    <string-map>
                        <pair>
                            <locale country="US" lang="en" variant=""/>
                            <value/>
                        </pair>
                    </string-map>
                </desc>
                <creator>Administrator</creator>
                <version>4.0</version>
<versionStatus>2</versionStatus>
<latestVersion>4.0</latestVersion>
                <last-modified>Administrator</last-modified>
                <owner>Administrator</owner>
                <state id="14"/>
                <tsc>1334091916470</tsc>
                <tsu>1334091916470</tsu>
                <process-name>
                    <string-map>
                        <pair>
                            <locale country="US" lang="en" variant=""/>
                            <value>Appian MadLib</value>
                        </pair>
                    </string-map>
                </process-name>
                <deadline>
                    <enabled>false</enabled>
                    <type>0</type>
                    <units>0</units>
                    <rex/>
                    <aex/>
                </deadline>
                <pm-notification-settings>
                    <custom-settings>false</custom-settings>
                    <notify-initiator>false</notify-initiator>
                    <notify-owner>false</notify-owner>
                    <usersandgroups/>
                    <recipients-exp/>
                </pm-notification-settings>
                <cleanup-action>3</cleanup-action>
                <auto-archive-delay>30</auto-archive-delay>
                <auto-delete-delay>0</auto-delete-delay>
                <timeZoneId>GMT</timeZoneId>
                <useProcessInitiatorTimeZone>true</useProcessInitiatorTimeZone>
</meta>
<pvs>
<pv>
                    <name>madlib</name>
                    <type>
                        <name>AppianMadLib</name>
                        <namespace>http://appian.com/types/pluginexample</namespace>
                    </type>
                    <parameter>false</parameter>
                    <required>false</required>
                    <hidden>false</hidden>
                </pv>

<pv>
                    <name>madlibDoc</name>
                    <type>
                        <name>CollaborationDocument</name>
                        <namespace>http://www.appian.com/ae/types/2009</namespace>
                    </type>
                    <parameter>false</parameter>
                    <required>false</required>
                    <hidden>false</hidden>
                </pv>

</pvs>
<nodes>
<node uuid="0000d540-1b02-8000-ac7b-680000680000">
                    <guiId>0</guiId>
                    <owner/>
                    <icon id="50"/>
                    <picon id="0"/>
                    <fname>
                        <string-map>
                            <pair>
<locale country="US" lang="en" variant=""/>
<value>Start Event</value>
                            </pair>
                        </string-map>
                    </fname>
                    <x>112</x>
                    <y>224</y>
                    <display>
                        <string-map>
                            <pair>
<locale country="US" lang="en" variant=""/>
<value>Start Event</value>
                            </pair>
                        </string-map>
                    </display>
                    <desc>
                        <string-map>
                            <pair>
<locale country="US" lang="en" variant=""/>
<value/>
                            </pair>
                        </string-map>
                    </desc>
                    <notify>false</notify>
                    <confirmation-url/>
                    <lane/>
                    <overrideLaneAssignment>true</overrideLaneAssignment>
<ac>
                        <local-id>core.0</local-id>
                        <name>Start Node</name>
<acps>
</acps>
                        <custom-params/>
                        <output-exprs/>
                        <requires-user-interaction>true</requires-user-interaction>
                        <run-as>
                            <performer id="0"/>
                        </run-as>
                        <form-map/>
                        <helper-class/>
</ac>
                    <multiple-instance>
</multiple-instance>

<escalations>
</escalations>
<connections>
                        <connection>
                            <guiId>3</guiId>
                            <to>2</to>
<toObjectType>ap.gui.Node</toObjectType>
                            <fromAnchor>1</fromAnchor>
<toAnchor>3</toAnchor>
<showArrowhead>true</showArrowhead>
                            <flowLabel/>
                            <label>
<fontColor>#000000</fontColor>
<fontFamily>Arial, Helvetica, Sans-Serif</fontFamily>
<fontSize>12</fontSize>
<bold>false</bold>
<italics>false</italics>
<underline>false</underline>
                            </label>
                            <associations/>
                            <chained>true</chained>
                            <overridesAssignment>true</overridesAssignment>
                            <synchronizeData>false</synchronizeData>
                        </connection>
                        <connection>
                            <guiId>9</guiId>
                            <to>7</to>
<toObjectType>ap.gui.Node</toObjectType>
                            <fromAnchor>2</fromAnchor>
<toAnchor>3</toAnchor>
<showArrowhead>true</showArrowhead>
                            <flowLabel/>
                            <label>
<fontColor>#000000</fontColor>
<fontFamily>Arial, Helvetica, Sans-Serif</fontFamily>
<fontSize>12</fontSize>
<bold>false</bold>
<italics>false</italics>
<underline>false</underline>
                            </label>
                            <associations/>
                            <chained>false</chained>
                            <overridesAssignment>true</overridesAssignment>
                            <synchronizeData>false</synchronizeData>
                        </connection>
</connections>
<associations>
</associations>
                    <target-completion>5.0</target-completion>
                    <target-lag>1.0</target-lag>
<attachments>
</attachments>
<notes>
</notes>
                    <lingering>false</lingering>
                    <on-create-ignore-if-active>false</on-create-ignore-if-active>
                    <on-create-delete-previous-active>false</on-create-delete-previous-active>
                    <on-complete-delete-previous-completed>false</on-complete-delete-previous-completed>
                    <pre-triggers/>
                    <post-triggers/>
                    <event-producers/>
                    <exception-flow/>
                    <label>
                        <fontColor>#000000</fontColor>
                        <fontFamily>Arial, Helvetica, Sans-Serif</fontFamily>
                        <fontSize>12</fontSize>
                        <bold>false</bold>
                        <italics>false</italics>
                        <underline>false</underline>
                    </label>
                    <deadline>
                        <enabled>false</enabled>
                        <type>0</type>
                        <units>0</units>
                        <rex/>
                        <aex/>
                    </deadline>
                    <allowsBack>false</allowsBack>
                    <refreshDefaultValues>false</refreshDefaultValues>
                    <on-complete-keep-form-data>false</on-complete-keep-form-data>
</node>
<node uuid="0002d540-1b02-8000-ac7b-680000680000">
                    <guiId>7</guiId>
                    <owner/>
                    <icon id="76"/>
                    <picon id="78"/>
                    <fname>
                        <string-map>
                            <pair>
<locale country="US" lang="en" variant=""/>
<value>Terminate Orphan</value>
                            </pair>
                        </string-map>
                    </fname>
                    <x>336</x>
                    <y>336</y>
                    <display>
                        <string-map>
                            <pair>
<locale country="US" lang="en" variant=""/>
<value>Terminate Orphan</value>
                            </pair>
                        </string-map>
                    </display>
                    <desc>
                        <string-map>
                            <pair>
<locale country="US" lang="en" variant=""/>
<value/>
                            </pair>
                        </string-map>
                    </desc>
                    <notify>false</notify>
                    <confirmation-url/>
                    <lane/>
                    <overrideLaneAssignment>true</overrideLaneAssignment>
<ac>
                        <local-id>core.7</local-id>
                        <name>Intermediate Consuming Event</name>
<acps>
</acps>
                        <custom-params/>
                        <output-exprs/>
                        <requires-user-interaction>true</requires-user-interaction>
                        <run-as>
                            <performer id="0"/>
                        </run-as>
                        <form-map/>
                        <helper-class/>
</ac>
                    <multiple-instance>
</multiple-instance>

<escalations>
</escalations>
<connections>
                        <connection>
                            <guiId>10</guiId>
                            <to>1</to>
<toObjectType>ap.gui.Node</toObjectType>
                            <fromAnchor>1</fromAnchor>
<toAnchor>2</toAnchor>
<showArrowhead>true</showArrowhead>
                            <flowLabel/>
                            <label>
<fontColor>#000000</fontColor>
<fontFamily>Arial, Helvetica, Sans-Serif</fontFamily>
<fontSize>12</fontSize>
<bold>false</bold>
<italics>false</italics>
<underline>false</underline>
                            </label>
                            <associations/>
                            <chained>false</chained>
                            <overridesAssignment>true</overridesAssignment>
                            <synchronizeData>false</synchronizeData>
                        </connection>
</connections>
<associations>
</associations>
                    <target-completion>5.0</target-completion>
                    <target-lag>1.0</target-lag>
<attachments>
</attachments>
<notes>
</notes>
                    <lingering>false</lingering>
                    <on-create-ignore-if-active>false</on-create-ignore-if-active>
                    <on-create-delete-previous-active>false</on-create-delete-previous-active>
                    <on-complete-delete-previous-completed>false</on-complete-delete-previous-completed>
                    <pre-triggers>
                        <timer-trigger id="8" index="0">
                            <persistentId>0000d541-750c-8000-ac7b-680000680000</persistentId>
                            <name>Terminate Orphan</name>
                            <desc/>
                            <rules/>
                            <schedule absoluteDelay="false" isAbsoluteOrRelative="true" isRecurring="false">
<interval>
    <hours>1</hours>
</interval>
                            </schedule>
                        </timer-trigger>
                    </pre-triggers>
                    <post-triggers/>
                    <event-producers/>
                    <exception-flow/>
                    <label>
                        <fontColor>#000000</fontColor>
                        <fontFamily>Arial, Helvetica, Sans-Serif</fontFamily>
                        <fontSize>12</fontSize>
                        <bold>false</bold>
                        <italics>false</italics>
                        <underline>false</underline>
                    </label>
                    <deadline>
                        <enabled>false</enabled>
                        <type>0</type>
                        <units>0</units>
                        <rex/>
                        <aex/>
                    </deadline>
                    <allowsBack>false</allowsBack>
                    <refreshDefaultValues>false</refreshDefaultValues>
                    <on-complete-keep-form-data>false</on-complete-keep-form-data>
</node>
<node uuid="0003d540-1b02-8000-ac7b-680000680000">
                    <guiId>1</guiId>
                    <owner/>
                    <icon id="51"/>
                    <picon id="0"/>
                    <fname>
                        <string-map>
                            <pair>
<locale country="US" lang="en" variant=""/>
<value>End Event</value>
                            </pair>
                        </string-map>
                    </fname>
                    <x>588</x>
                    <y>224</y>
                    <display>
                        <string-map>
                            <pair>
<locale country="US" lang="en" variant=""/>
<value>End Event</value>
                            </pair>
                        </string-map>
                    </display>
                    <desc>
                        <string-map>
                            <pair>
<locale country="US" lang="en" variant=""/>
<value/>
                            </pair>
                        </string-map>
                    </desc>
                    <notify>false</notify>
                    <confirmation-url/>
                    <lane/>
                    <overrideLaneAssignment>true</overrideLaneAssignment>
<ac>
                        <local-id>core.1</local-id>
                        <name>End Node</name>
<acps>
                            <acp>
<name>pmID</name>
<type>
    <name>ProcessModel</name>
    <namespace>http://www.appian.com/ae/types/2009</namespace>
</type>
<local-id>0</local-id>
<expr/>
<required>0</required>
<editable>0</editable>
<assign-to-pv/>
<input-to-activity-class>true</input-to-activity-class>
<hidden-from-designer>false</hidden-from-designer>
<generated>false</generated>
<enumeration/>
<customDisplayReference/>
                            </acp>
                            <acp>
<name>inMap</name>
<type>
    <name>Bean?list</name>
    <namespace>http://www.appian.com/ae/types/2009</namespace>
</type>
<value>
    <acps/>
</value>
<local-id>1</local-id>
<expr/>
<required>0</required>
<editable>1</editable>
<assign-to-pv/>
<input-to-activity-class>true</input-to-activity-class>
<hidden-from-designer>false</hidden-from-designer>
<generated>false</generated>
<enumeration/>
<customDisplayReference/>
                            </acp>
                            <acp>
<name>procInheritsPriority</name>
<type>
    <name>int</name>
    <namespace>http://www.w3.org/2001/XMLSchema</namespace>
</type>
<value>1</value>
<local-id>5</local-id>
<expr/>
<required>0</required>
<editable>1</editable>
<assign-to-pv/>
<input-to-activity-class>false</input-to-activity-class>
<hidden-from-designer>false</hidden-from-designer>
<generated>false</generated>
<enumeration/>
<customDisplayReference/>
                            </acp>
                            <acp>
<name>pmUUID</name>
<type>
    <name>string</name>
    <namespace>http://www.w3.org/2001/XMLSchema</namespace>
</type>
<value/>
<local-id>6</local-id>
<expr/>
<required>0</required>
<editable>1</editable>
<assign-to-pv/>
<input-to-activity-class>true</input-to-activity-class>
<hidden-from-designer>false</hidden-from-designer>
<generated>false</generated>
<enumeration/>
<customDisplayReference/>
                            </acp>
                            <acp>
<name>isAsynchronous</name>
<type>
    <name>boolean</name>
    <namespace>http://www.w3.org/2001/XMLSchema</namespace>
</type>
<value>true</value>
<local-id>7</local-id>
<expr/>
<required>1</required>
<editable>0</editable>
<assign-to-pv/>
<input-to-activity-class>true</input-to-activity-class>
<hidden-from-designer>true</hidden-from-designer>
<generated>false</generated>
<enumeration/>
<customDisplayReference/>
                            </acp>
                            <acp>
<name>isTransparent</name>
<type>
    <name>boolean</name>
    <namespace>http://www.w3.org/2001/XMLSchema</namespace>
</type>
<value>true</value>
<local-id>14</local-id>
<expr/>
<required>1</required>
<editable>1</editable>
<assign-to-pv/>
<input-to-activity-class>true</input-to-activity-class>
<hidden-from-designer>true</hidden-from-designer>
<generated>false</generated>
<enumeration/>
<customDisplayReference/>
                            </acp>
                            <acp>
<name>inheritSecurity</name>
<type>
    <name>boolean</name>
    <namespace>http://www.w3.org/2001/XMLSchema</namespace>
</type>
<value>false</value>
<local-id>15</local-id>
<expr/>
<required>1</required>
<editable>1</editable>
<assign-to-pv/>
<input-to-activity-class>true</input-to-activity-class>
<hidden-from-designer>true</hidden-from-designer>
<generated>false</generated>
<enumeration/>
<customDisplayReference/>
                            </acp>
</acps>
                        <custom-params/>
                        <output-exprs/>
                        <requires-user-interaction>true</requires-user-interaction>
                        <run-as>
                            <performer id="0"/>
                        </run-as>
                        <form-map/>
                        <helper-class/>
</ac>
                    <multiple-instance>
</multiple-instance>

<escalations>
</escalations>
<connections>
</connections>
<associations>
</associations>
                    <target-completion>5.0</target-completion>
                    <target-lag>1.0</target-lag>
<attachments>
</attachments>
<notes>
</notes>
                    <lingering>false</lingering>
                    <on-create-ignore-if-active>false</on-create-ignore-if-active>
                    <on-create-delete-previous-active>false</on-create-delete-previous-active>
                    <on-complete-delete-previous-completed>false</on-complete-delete-previous-completed>
                    <pre-triggers/>
                    <post-triggers/>
                    <event-producers>
                        <terminate-producer id="10" index="0">
                            <persistentId>0006d540-1b02-8000-ac7b-680000680000</persistentId>
                            <name>Terminate Process_1</name>
                            <desc/>
                        </terminate-producer>
                    </event-producers>
                    <exception-flow/>
                    <label>
                        <fontColor>#000000</fontColor>
                        <fontFamily>Arial, Helvetica, Sans-Serif</fontFamily>
                        <fontSize>12</fontSize>
                        <bold>false</bold>
                        <italics>false</italics>
                        <underline>false</underline>
                    </label>
                    <deadline>
                        <enabled>false</enabled>
                        <type>0</type>
                        <units>0</units>
                        <rex/>
                        <aex/>
                    </deadline>
                    <allowsBack>false</allowsBack>
                    <refreshDefaultValues>false</refreshDefaultValues>
                    <on-complete-keep-form-data>false</on-complete-keep-form-data>
</node>
<node uuid="0004d540-1b02-8000-ac7b-680000680000">
                    <guiId>2</guiId>
                    <owner/>
                    <icon id="998"/>
                    <picon id="98"/>
                    <fname>
                        <string-map>
                            <pair>
<locale country="US" lang="en" variant=""/>
<value>Save Appian MadLib</value>
                            </pair>
                        </string-map>
                    </fname>
                    <x>280</x>
                    <y>224</y>
                    <display>
                        <string-map>
                            <pair>
<locale country="US" lang="en" variant=""/>
<value>Save Appian MadLib</value>
                            </pair>
                        </string-map>
                    </display>
                    <desc>
                        <string-map>
                            <pair>
<locale country="US" lang="en" variant=""/>
<value/>
                            </pair>
                        </string-map>
                    </desc>
                    <notify>false</notify>
                    <confirmation-url/>
                    <lane/>
                    <overrideLaneAssignment>false</overrideLaneAssignment>
                    <assignments>
<assignee>
<type>28</type>
                            <privilege>3</privilege>
                            <value>
<ac>
    <local-id>assignee-pool.101</local-id>
    <name>Assign To Actor</name>
<acps>
        <acp>
            <name>displayName</name>
            <type>
                <name>string</name>
                <namespace>http://www.w3.org/2001/XMLSchema</namespace>
            </type>
            <value/>
            <local-id>0</local-id>
            <expr/>
            <required>1</required>
            <editable>2</editable>
            <assign-to-pv/>
            <input-to-activity-class>true</input-to-activity-class>
            <hidden-from-designer>false</hidden-from-designer>
            <generated>false</generated>
            <enumeration/>
            <customDisplayReference/>
        </acp>
        <acp>
            <name>expression</name>
            <type>
                <name>UserOrGroup?list</name>
                <namespace>http://www.appian.com/ae/types/2009</namespace>
            </type>
            <value/>
            <local-id>1</local-id>
            <expr>pp!initiator</expr>
            <required>0</required>
            <editable>2</editable>
            <assign-to-pv/>
            <input-to-activity-class>true</input-to-activity-class>
            <hidden-from-designer>false</hidden-from-designer>
            <generated>false</generated>
            <enumeration/>
            <customDisplayReference/>
        </acp>
        <acp>
            <name>outUsers</name>
            <type>
                <name>User?list</name>
                <namespace>http://www.appian.com/ae/types/2009</namespace>
            </type>
            <local-id>2</local-id>
            <expr/>
            <required>1</required>
            <editable>2</editable>
            <assign-to-pv/>
            <input-to-activity-class>false</input-to-activity-class>
            <hidden-from-designer>false</hidden-from-designer>
            <generated>false</generated>
            <enumeration/>
            <customDisplayReference/>
        </acp>
        <acp>
            <name>outGroups</name>
            <type>
                <name>Group?list</name>
                <namespace>http://www.appian.com/ae/types/2009</namespace>
            </type>
            <local-id>3</local-id>
            <expr/>
            <required>1</required>
            <editable>2</editable>
            <assign-to-pv/>
            <input-to-activity-class>false</input-to-activity-class>
            <hidden-from-designer>false</hidden-from-designer>
            <generated>false</generated>
            <enumeration/>
            <customDisplayReference/>
        </acp>
</acps>
    <custom-params/>
    <output-exprs/>
    <requires-user-interaction>true</requires-user-interaction>
    <run-as>
        <performer id="0"/>
    </run-as>
    <helper-class/>
</ac>
                            </value>
                        </assignee>
<assignment-function/>
                        <position/>
                        <accept-mode>1</accept-mode>
                    </assignments>

<ac>
                        <local-id>com.appiancorp.pluginexample.SaveAppianMadLib</local-id>
                        <name>Save Appian MadLib</name>
<acps>
                            <acp>
<name>madlib</name>
<type>
    <name>AppianMadLib</name>
    <namespace>http://appian.com/types/pluginexample</namespace>
</type>
<value>
    <title>My Appian MadLib</title>
    <noun1>cat</noun1>
    <noun2>boa constrictor</noun2>
    <noun3>hat</noun3>
    <adjective1>blue</adjective1>
    <adjective2>sleepy</adjective2>
    <adjective3>loud</adjective3>
</value>
<local-id>input-madlib</local-id>
<expr/>
<required>1</required>
<editable>1</editable>
<assign-to-pv>madlib</assign-to-pv>
<input-to-activity-class>true</input-to-activity-class>
<hidden-from-designer>false</hidden-from-designer>
<generated>false</generated>
<enumeration/>
<customDisplayReference/>
                            </acp>
                            <acp>
<name>madlibDoc</name>
<type>
    <name>CollaborationDocument</name>
    <namespace>http://www.appian.com/ae/types/2009</namespace>
</type>
<local-id>output-madlibDoc</local-id>
<expr/>
<required>0</required>
<editable>1</editable>
<assign-to-pv/>
<input-to-activity-class>false</input-to-activity-class>
<hidden-from-designer>false</hidden-from-designer>
<generated>false</generated>
<enumeration/>
<customDisplayReference/>
                            </acp>
                            <acp>
<name>saveIn</name>
<type>
    <name>CollaborationFolder</name>
    <namespace>http://www.appian.com/ae/types/2009</namespace>
</type>
<value>_a-0000d540-1619-8000-ac7a-680000680000_414</value>
<local-id>input-saveIn</local-id>
<expr/>
<required>1</required>
<editable>1</editable>
<assign-to-pv/>
<input-to-activity-class>true</input-to-activity-class>
<hidden-from-designer>false</hidden-from-designer>
<generated>false</generated>
<enumeration/>
<customDisplayReference/>
                            </acp>
</acps>
                        <custom-params/>
                        <output-exprs>
                            <el typeFlag="1">madlibDoc:AC!madlibDoc</el>
                        </output-exprs>
                        <requires-user-interaction>false</requires-user-interaction>
                        <run-as>
                            <performer id="0"/>
                        </run-as>
                        <form-map>
                            <pair>
<locale country="US" lang="en" variant=""/>
<form-config>
    <form>
        <type>0</type>
        <enabled>true</enabled>
        <dynamic-form>
            <form-elements>
                <form-element>
                    <label>Enter a noun</label>
                    <instructions/>
                    <editable>true</editable>
                    <hidden>false</hidden>
                    <multiple>false</multiple>
                    <required>true</required>
                    <type>2</type>
                    <options/>
                    <name/>
                    <mapped-to>madlib</mapped-to>
                    <value>cat</value>
                    <extra>{&quot;validationMessages&quot;:[],&quot;width&quot;:&quot;medium&quot;,&quot;labelPosition&quot;:&quot;right&quot;,&quot;customEvents&quot;:[{}],&quot;displayExpField&quot;:&quot;&quot;,&quot;namespace&quot;:&quot;DESIGN&quot;,&quot;typeName&quot;:&quot;text&quot;,&quot;id&quot;:&quot;text3&quot;,&quot;saveAs&quot;:{&quot;name&quot;:&quot;madlib&quot;,&quot;propertyIndex&quot;:[{&quot;index&quot;:1,&quot;name&quot;:&quot;noun1&quot;}]},&quot;customValidations&quot;:[{}],&quot;view&quot;:&quot;single&quot;,&quot;key&quot;:&quot;text3&quot;}</extra>
                    <expressions/>
                </form-element>
                <form-element>
                    <label>Enter an adjective</label>
                    <instructions/>
                    <editable>true</editable>
                    <hidden>false</hidden>
                    <multiple>false</multiple>
                    <required>true</required>
                    <type>2</type>
                    <options/>
                    <name/>
                    <mapped-to>madlib</mapped-to>
                    <value>blue</value>
                    <extra>{&quot;validationMessages&quot;:[],&quot;width&quot;:&quot;medium&quot;,&quot;labelPosition&quot;:&quot;right&quot;,&quot;customEvents&quot;:[{}],&quot;displayExpField&quot;:&quot;&quot;,&quot;namespace&quot;:&quot;DESIGN&quot;,&quot;typeName&quot;:&quot;text&quot;,&quot;id&quot;:&quot;text4&quot;,&quot;saveAs&quot;:{&quot;name&quot;:&quot;madlib&quot;,&quot;propertyIndex&quot;:[{&quot;index&quot;:4,&quot;name&quot;:&quot;adjective1&quot;}]},&quot;customValidations&quot;:[{}],&quot;view&quot;:&quot;single&quot;,&quot;key&quot;:&quot;text4&quot;}</extra>
                    <expressions/>
                </form-element>
                <form-element>
                    <label>Title</label>
                    <instructions/>
                    <editable>true</editable>
                    <hidden>false</hidden>
                    <multiple>false</multiple>
                    <required>true</required>
                    <type>2</type>
                    <options/>
                    <name/>
                    <mapped-to>madlib</mapped-to>
                    <value>My Appian MadLib</value>
                    <extra>{&quot;validationMessages&quot;:[],&quot;width&quot;:&quot;medium&quot;,&quot;labelPosition&quot;:&quot;right&quot;,&quot;customEvents&quot;:[{}],&quot;displayExpField&quot;:&quot;&quot;,&quot;namespace&quot;:&quot;DESIGN&quot;,&quot;typeName&quot;:&quot;text&quot;,&quot;id&quot;:&quot;text2&quot;,&quot;saveAs&quot;:{&quot;name&quot;:&quot;madlib&quot;,&quot;propertyIndex&quot;:[{&quot;index&quot;:0,&quot;name&quot;:&quot;title&quot;}]},&quot;customValidations&quot;:[{}],&quot;view&quot;:&quot;single&quot;,&quot;key&quot;:&quot;text2&quot;}</extra>
                    <expressions/>
                </form-element>
                <form-element>
                    <label>Enter a noun</label>
                    <instructions/>
                    <editable>true</editable>
                    <hidden>false</hidden>
                    <multiple>false</multiple>
                    <required>true</required>
                    <type>2</type>
                    <options/>
                    <name/>
                    <mapped-to>madlib</mapped-to>
                    <value>hat</value>
                    <extra>{&quot;validationMessages&quot;:[],&quot;width&quot;:&quot;medium&quot;,&quot;labelPosition&quot;:&quot;right&quot;,&quot;customEvents&quot;:[{}],&quot;displayExpField&quot;:&quot;&quot;,&quot;namespace&quot;:&quot;DESIGN&quot;,&quot;typeName&quot;:&quot;text&quot;,&quot;id&quot;:&quot;text7&quot;,&quot;saveAs&quot;:{&quot;name&quot;:&quot;madlib&quot;,&quot;propertyIndex&quot;:[{&quot;index&quot;:3,&quot;name&quot;:&quot;noun3&quot;}]},&quot;customValidations&quot;:[{}],&quot;view&quot;:&quot;single&quot;,&quot;key&quot;:&quot;text7&quot;}</extra>
                    <expressions/>
                </form-element>
                <form-element>
                    <label>Enter an adjective</label>
                    <instructions/>
                    <editable>true</editable>
                    <hidden>false</hidden>
                    <multiple>false</multiple>
                    <required>true</required>
                    <type>2</type>
                    <options/>
                    <name/>
                    <mapped-to>madlib</mapped-to>
                    <value>loud</value>
                    <extra>{&quot;validationMessages&quot;:[],&quot;width&quot;:&quot;medium&quot;,&quot;labelPosition&quot;:&quot;right&quot;,&quot;customEvents&quot;:[{}],&quot;displayExpField&quot;:&quot;&quot;,&quot;namespace&quot;:&quot;DESIGN&quot;,&quot;typeName&quot;:&quot;text&quot;,&quot;id&quot;:&quot;text8&quot;,&quot;saveAs&quot;:{&quot;name&quot;:&quot;madlib&quot;,&quot;propertyIndex&quot;:[{&quot;index&quot;:6,&quot;name&quot;:&quot;adjective3&quot;}]},&quot;customValidations&quot;:[{}],&quot;view&quot;:&quot;single&quot;,&quot;key&quot;:&quot;text8&quot;}</extra>
                    <expressions/>
                </form-element>
                <form-element>
                    <label>Enter a noun</label>
                    <instructions/>
                    <editable>true</editable>
                    <hidden>false</hidden>
                    <multiple>false</multiple>
                    <required>true</required>
                    <type>2</type>
                    <options/>
                    <name/>
                    <mapped-to>madlib</mapped-to>
                    <value>boa constrictor</value>
                    <extra>{&quot;validationMessages&quot;:[],&quot;width&quot;:&quot;medium&quot;,&quot;labelPosition&quot;:&quot;right&quot;,&quot;customEvents&quot;:[{}],&quot;displayExpField&quot;:&quot;&quot;,&quot;namespace&quot;:&quot;DESIGN&quot;,&quot;typeName&quot;:&quot;text&quot;,&quot;id&quot;:&quot;text5&quot;,&quot;saveAs&quot;:{&quot;name&quot;:&quot;madlib&quot;,&quot;propertyIndex&quot;:[{&quot;index&quot;:2,&quot;name&quot;:&quot;noun2&quot;}]},&quot;customValidations&quot;:[{}],&quot;view&quot;:&quot;single&quot;,&quot;key&quot;:&quot;text5&quot;}</extra>
                    <expressions/>
                </form-element>
                <form-element>
                    <label>Enter an adjective</label>
                    <instructions/>
                    <editable>true</editable>
                    <hidden>false</hidden>
                    <multiple>false</multiple>
                    <required>true</required>
                    <type>2</type>
                    <options/>
                    <name/>
                    <mapped-to>madlib</mapped-to>
                    <value>sleepy</value>
                    <extra>{&quot;validationMessages&quot;:[],&quot;width&quot;:&quot;medium&quot;,&quot;labelPosition&quot;:&quot;right&quot;,&quot;customEvents&quot;:[{}],&quot;displayExpField&quot;:&quot;&quot;,&quot;namespace&quot;:&quot;DESIGN&quot;,&quot;typeName&quot;:&quot;text&quot;,&quot;id&quot;:&quot;text6&quot;,&quot;saveAs&quot;:{&quot;name&quot;:&quot;madlib&quot;,&quot;propertyIndex&quot;:[{&quot;index&quot;:5,&quot;name&quot;:&quot;adjective2&quot;}]},&quot;customValidations&quot;:[{}],&quot;view&quot;:&quot;single&quot;,&quot;key&quot;:&quot;text6&quot;}</extra>
                    <expressions/>
                </form-element>
                <form-element>
                    <label>Label</label>
                    <instructions/>
                    <editable>true</editable>
                    <hidden>false</hidden>
                    <multiple>false</multiple>
                    <required>false</required>
                    <type>2</type>
                    <options/>
                    <name/>
                    <value/>
                    <extra>{&quot;buttonConfirm&quot;:&quot;false&quot;,&quot;labelPosition&quot;:&quot;right&quot;,&quot;customEvents&quot;:[],&quot;namespace&quot;:&quot;DESIGN&quot;,&quot;typeName&quot;:&quot;button&quot;,&quot;id&quot;:&quot;button1&quot;,&quot;customValidations&quot;:[],&quot;buttonLabel&quot;:&quot;Submit&quot;,&quot;view&quot;:&quot;single&quot;,&quot;key&quot;:&quot;button1&quot;,&quot;buttonValue&quot;:&quot;Submit&quot;,&quot;confirmMessage&quot;:&quot;Submit this form?&quot;}</extra>
                    <expressions/>
                </form-element>
                <form-element>
                    <label>Appian MadLib</label>
                    <instructions>Please complete the form below.</instructions>
                    <editable>true</editable>
                    <hidden>false</hidden>
                    <multiple>false</multiple>
                    <required>false</required>
                    <type>2</type>
                    <options/>
                    <name/>
                    <value/>
                    <extra>{&quot;elementCounter&quot;:11,&quot;columns&quot;:1,&quot;labelPosition&quot;:&quot;right&quot;,&quot;customEvents&quot;:[{}],&quot;namespace&quot;:&quot;DESIGN&quot;,&quot;typeName&quot;:&quot;form&quot;,&quot;id&quot;:&quot;form0&quot;,&quot;view&quot;:&quot;single&quot;,&quot;key&quot;:&quot;form0&quot;,&quot;mobile&quot;:&quot;true&quot;}</extra>
                    <expressions/>
                </form-element>
                <form-element>
                    <label/>
                    <instructions/>
                    <editable>true</editable>
                    <hidden>false</hidden>
                    <multiple>false</multiple>
                    <required>false</required>
                    <type>2</type>
                    <options/>
                    <name/>
                    <value/>
                    <extra>{&quot;typeName&quot;:&quot;tree&quot;,&quot;children&quot;:[[&quot;text2&quot;,&quot;text3&quot;,&quot;text4&quot;,&quot;text5&quot;,&quot;text6&quot;,&quot;text7&quot;,&quot;text8&quot;]],&quot;buttons&quot;:[&quot;button1&quot;],&quot;key&quot;:&quot;form0&quot;}</extra>
                    <expressions/>
                </form-element>
            </form-elements>
        </dynamic-form>
        <jsp-form>
            <path>/process/forms</path>
        </jsp-form>
        <hiddenSections>23</hiddenSections>
    </form>
</form-config>
                            </pair>
                        </form-map>
                        <helper-class/>
</ac>
                    <multiple-instance>
</multiple-instance>

<escalations>
</escalations>
<connections>
                        <connection>
                            <guiId>5</guiId>
                            <to>4</to>
<toObjectType>ap.gui.Node</toObjectType>
                            <fromAnchor>1</fromAnchor>
<toAnchor>3</toAnchor>
<showArrowhead>true</showArrowhead>
                            <flowLabel/>
                            <label>
<fontColor>#000000</fontColor>
<fontFamily>Arial, Helvetica, Sans-Serif</fontFamily>
<fontSize>12</fontSize>
<bold>false</bold>
<italics>false</italics>
<underline>false</underline>
                            </label>
                            <associations/>
                            <chained>true</chained>
                            <overridesAssignment>true</overridesAssignment>
                            <synchronizeData>false</synchronizeData>
                        </connection>
</connections>
<associations>
</associations>
                    <target-completion>5.0</target-completion>
                    <target-lag>1.0</target-lag>
<attachments>
</attachments>
<notes>
</notes>
                    <lingering>false</lingering>
                    <on-create-ignore-if-active>false</on-create-ignore-if-active>
                    <on-create-delete-previous-active>false</on-create-delete-previous-active>
                    <on-complete-delete-previous-completed>false</on-complete-delete-previous-completed>
                    <pre-triggers/>
                    <post-triggers/>
                    <event-producers/>
                    <exception-flow/>
                    <label>
                        <fontColor>#000000</fontColor>
                        <fontFamily>Arial, Helvetica, Sans-Serif</fontFamily>
                        <fontSize>12</fontSize>
                        <bold>false</bold>
                        <italics>false</italics>
                        <underline>false</underline>
                    </label>
                    <deadline>
                        <enabled>false</enabled>
                        <type>0</type>
                        <units>0</units>
                        <rex/>
                        <aex/>
                    </deadline>
                    <allowsBack>true</allowsBack>
                    <refreshDefaultValues>false</refreshDefaultValues>
                    <on-complete-keep-form-data>true</on-complete-keep-form-data>
</node>
<node uuid="0001d540-1b02-8000-ac7b-680000680000">
                    <guiId>4</guiId>
                    <owner/>
                    <icon id="21"/>
                    <picon id="1"/>
                    <fname>
                        <string-map>
                            <pair>
<locale country="US" lang="en" variant=""/>
<value>View and Download</value>
                            </pair>
                        </string-map>
                    </fname>
                    <x>448</x>
                    <y>224</y>
                    <display>
                        <string-map>
                            <pair>
<locale country="US" lang="en" variant=""/>
<value>View and Download</value>
                            </pair>
                        </string-map>
                    </display>
                    <desc>
                        <string-map>
                            <pair>
<locale country="US" lang="en" variant=""/>
<value/>
                            </pair>
                        </string-map>
                    </desc>
                    <notify>false</notify>
                    <confirmation-url/>
                    <lane/>
                    <overrideLaneAssignment>false</overrideLaneAssignment>
                    <assignments>
<assignee>
<type>28</type>
                            <privilege>3</privilege>
                            <value>
<ac>
    <local-id>assignee-pool.101</local-id>
    <name>Assign To Actor</name>
<acps>
        <acp>
            <name>displayName</name>
            <type>
                <name>string</name>
                <namespace>http://www.w3.org/2001/XMLSchema</namespace>
            </type>
            <value/>
            <local-id>0</local-id>
            <expr/>
            <required>1</required>
            <editable>2</editable>
            <assign-to-pv/>
            <input-to-activity-class>true</input-to-activity-class>
            <hidden-from-designer>false</hidden-from-designer>
            <generated>false</generated>
            <enumeration/>
            <customDisplayReference/>
        </acp>
        <acp>
            <name>expression</name>
            <type>
                <name>UserOrGroup?list</name>
                <namespace>http://www.appian.com/ae/types/2009</namespace>
            </type>
            <value/>
            <local-id>1</local-id>
            <expr>pp!initiator</expr>
            <required>0</required>
            <editable>2</editable>
            <assign-to-pv/>
            <input-to-activity-class>true</input-to-activity-class>
            <hidden-from-designer>false</hidden-from-designer>
            <generated>false</generated>
            <enumeration/>
            <customDisplayReference/>
        </acp>
        <acp>
            <name>outUsers</name>
            <type>
                <name>User?list</name>
                <namespace>http://www.appian.com/ae/types/2009</namespace>
            </type>
            <local-id>2</local-id>
            <expr/>
            <required>1</required>
            <editable>2</editable>
            <assign-to-pv/>
            <input-to-activity-class>false</input-to-activity-class>
            <hidden-from-designer>false</hidden-from-designer>
            <generated>false</generated>
            <enumeration/>
            <customDisplayReference/>
        </acp>
        <acp>
            <name>outGroups</name>
            <type>
                <name>Group?list</name>
                <namespace>http://www.appian.com/ae/types/2009</namespace>
            </type>
            <local-id>3</local-id>
            <expr/>
            <required>1</required>
            <editable>2</editable>
            <assign-to-pv/>
            <input-to-activity-class>false</input-to-activity-class>
            <hidden-from-designer>false</hidden-from-designer>
            <generated>false</generated>
            <enumeration/>
            <customDisplayReference/>
        </acp>
</acps>
    <custom-params/>
    <output-exprs/>
    <requires-user-interaction>true</requires-user-interaction>
    <run-as>
        <performer id="0"/>
    </run-as>
    <helper-class/>
</ac>
                            </value>
                        </assignee>
<assignment-function/>
                        <position/>
                        <accept-mode>1</accept-mode>
                    </assignments>

<ac>
                        <local-id>internal.17</local-id>
                        <name>User Input Task</name>
<acps>
</acps>
                        <custom-params/>
                        <output-exprs/>
                        <requires-user-interaction>false</requires-user-interaction>
                        <run-as>
                            <performer id="0"/>
                        </run-as>
                        <form-map>
                            <pair>
<locale country="US" lang="en" variant=""/>
<form-config>
    <form>
        <type>0</type>
        <enabled>true</enabled>
        <dynamic-form>
            <form-elements>
                <form-element>
                    <label>Your madlib</label>
                    <instructions>=linktodocumentinternal(pv!madlibDoc, &quot;Click here to download&quot;)</instructions>
                    <editable>false</editable>
                    <hidden>false</hidden>
                    <multiple>false</multiple>
                    <required>false</required>
                    <type>2</type>
                    <options/>
                    <name/>
                    <value>=generateappianmadlibtext(pv!madlib)</value>
                    <extra>{&quot;namespace&quot;:&quot;DESIGN&quot;,&quot;id&quot;:&quot;paragraph2&quot;,&quot;height&quot;:5,&quot;allowRichText&quot;:&quot;false&quot;,&quot;key&quot;:&quot;paragraph2&quot;,&quot;customEvents&quot;:[{}],&quot;labelPosition&quot;:&quot;right&quot;,&quot;richText&quot;:&quot;###EXPR0&quot;,&quot;displayExpField&quot;:&quot;&quot;,&quot;typeName&quot;:&quot;paragraph&quot;,&quot;customValidations&quot;:[{}],&quot;view&quot;:&quot;single&quot;,&quot;plainText&quot;:&quot;###EXPR1&quot;}</extra>
                    <expressions>
                        <tv>
                            <name/>
                            <type>
<name>string</name>
<namespace>http://www.w3.org/2001/XMLSchema</namespace>
                            </type>
                            <value>=generateappianmadlibtext(pv!madlib)</value>
                        </tv>
                        <tv>
                            <name/>
                            <type>
<name>string</name>
<namespace>http://www.w3.org/2001/XMLSchema</namespace>
                            </type>
                            <value>=generateappianmadlibtext(pv!madlib)</value>
                        </tv>
                    </expressions>
                </form-element>
                <form-element>
                    <label>Label</label>
                    <instructions/>
                    <editable>true</editable>
                    <hidden>false</hidden>
                    <multiple>false</multiple>
                    <required>false</required>
                    <type>2</type>
                    <options/>
                    <name/>
                    <value/>
                    <extra>{&quot;namespace&quot;:&quot;DESIGN&quot;,&quot;id&quot;:&quot;button1&quot;,&quot;buttonLabel&quot;:&quot;Done&quot;,&quot;buttonValue&quot;:&quot;Submit&quot;,&quot;key&quot;:&quot;button1&quot;,&quot;confirmMessage&quot;:&quot;Submit this form?&quot;,&quot;buttonConfirm&quot;:&quot;false&quot;,&quot;customEvents&quot;:[],&quot;labelPosition&quot;:&quot;right&quot;,&quot;displayExpField&quot;:&quot;&quot;,&quot;typeName&quot;:&quot;button&quot;,&quot;customValidations&quot;:[],&quot;view&quot;:&quot;single&quot;}</extra>
                    <expressions/>
                </form-element>
                <form-element>
                    <label>View and Download</label>
                    <instructions/>
                    <editable>true</editable>
                    <hidden>false</hidden>
                    <multiple>false</multiple>
                    <required>false</required>
                    <type>2</type>
                    <options/>
                    <name/>
                    <value/>
                    <extra>{&quot;elementCounter&quot;:6,&quot;columns&quot;:1,&quot;customEvents&quot;:[{}],&quot;labelPosition&quot;:&quot;right&quot;,&quot;namespace&quot;:&quot;DESIGN&quot;,&quot;id&quot;:&quot;form0&quot;,&quot;typeName&quot;:&quot;form&quot;,&quot;view&quot;:&quot;single&quot;,&quot;key&quot;:&quot;form0&quot;,&quot;mobile&quot;:&quot;true&quot;}</extra>
                    <expressions/>
                </form-element>
                <form-element>
                    <label/>
                    <instructions/>
                    <editable>true</editable>
                    <hidden>false</hidden>
                    <multiple>false</multiple>
                    <required>false</required>
                    <type>2</type>
                    <options/>
                    <name/>
                    <value/>
                    <extra>{&quot;typeName&quot;:&quot;tree&quot;,&quot;children&quot;:[[&quot;paragraph2&quot;]],&quot;buttons&quot;:[&quot;button1&quot;],&quot;key&quot;:&quot;form0&quot;}</extra>
                    <expressions/>
                </form-element>
            </form-elements>
        </dynamic-form>
        <jsp-form>
            <path>/process/forms</path>
        </jsp-form>
        <hiddenSections>23</hiddenSections>
    </form>
</form-config>
                            </pair>
                        </form-map>
                        <helper-class/>
</ac>
                    <multiple-instance>
</multiple-instance>

<escalations>
</escalations>
<connections>
                        <connection>
                            <guiId>6</guiId>
                            <to>1</to>
<toObjectType>ap.gui.Node</toObjectType>
                            <fromAnchor>1</fromAnchor>
<toAnchor>3</toAnchor>
<showArrowhead>true</showArrowhead>
                            <flowLabel/>
                            <label>
<fontColor>#000000</fontColor>
<fontFamily>Arial, Helvetica, Sans-Serif</fontFamily>
<fontSize>12</fontSize>
<bold>false</bold>
<italics>false</italics>
<underline>false</underline>
                            </label>
                            <associations/>
                            <chained>false</chained>
                            <overridesAssignment>true</overridesAssignment>
                            <synchronizeData>false</synchronizeData>
                        </connection>
</connections>
<associations>
</associations>
                    <target-completion>5.0</target-completion>
                    <target-lag>1.0</target-lag>
<attachments>
</attachments>
<notes>
</notes>
                    <lingering>false</lingering>
                    <on-create-ignore-if-active>false</on-create-ignore-if-active>
                    <on-create-delete-previous-active>false</on-create-delete-previous-active>
                    <on-complete-delete-previous-completed>false</on-complete-delete-previous-completed>
                    <pre-triggers/>
                    <post-triggers/>
                    <event-producers/>
                    <exception-flow/>
                    <label>
                        <fontColor>#000000</fontColor>
                        <fontFamily>Arial, Helvetica, Sans-Serif</fontFamily>
                        <fontSize>12</fontSize>
                        <bold>false</bold>
                        <italics>false</italics>
                        <underline>false</underline>
                    </label>
                    <deadline>
                        <enabled>false</enabled>
                        <type>0</type>
                        <units>0</units>
                        <rex/>
                        <aex/>
                    </deadline>
                    <allowsBack>false</allowsBack>
                    <refreshDefaultValues>false</refreshDefaultValues>
                    <on-complete-keep-form-data>false</on-complete-keep-form-data>
</node>
</nodes>
<annotations/>
<lanes/>
<attachments>
</attachments>
<notes>
</notes>
            <priority id="1"/>
            <form-map>
                <pair>
                    <locale country="US" lang="en" variant=""/>
                    <form-config>
                        <form>
                            <type>0</type>
                            <enabled>true</enabled>
                            <dynamic-form>
<form-elements/>
                            </dynamic-form>
                            <hiddenSections>0</hiddenSections>
                        </form>
                    </form-config>
                </pair>
            </form-map>
            <emailAttachmentFolderUuid>SYSTEM_FOLDER_TEMPORARY_DOCS</emailAttachmentFolderUuid>
            <isPublic>false</isPublic>
</pm>
    </process_model_port>
    <isPublished>true</isPublished>
</processModelHaul>
